category,quantity,rate,cost
1,191.64000000000007,1,191.64000000000007
3,23.480999999999998,4,93.92399999999999
4,12.796,5,63.98
total,0,0,349.5440000000001
