category,quantity,rate,cost
1,2.2249999999999996,1,2.2249999999999996
2,50.07,2.5,125.175
3,55.371,4,221.484
total,0,0,348.884
