category,quantity,rate,cost
1,80.41299999999998,1,80.41299999999998
3,56.74899999999999,4,226.99599999999995
4,7.917,5,39.585
total,0,0,346.9939999999999
