category,quantity,rate,cost
1,3.068,1,3.068
2,40.884,2.5,102.21000000000001
3,18.408,4,73.632
total,0,0,178.91000000000003
